{"cameraMode":{"drawMode":0,"name":"Shaded","section":"Shading Mode"},"sceneLighting":true,"audioPlay":false,"sceneViewState":{"m_AlwaysRefresh":false,"showFog":true,"showSkybox":true,"showFlares":true,"showImageEffects":true,"showParticleSystems":true,"showVisualEffectGraphs":true,"m_FxEnabled":true},"in2DMode":false,"pivot":{"x":0.08718565106391907,"y":-0.3413807451725006,"z":2.250077247619629},"rotation":{"x":-0.031673647463321689,"y":0.0862584188580513,"z":-0.00275002745911479,"w":-0.9957834482192993},"size":0.8660253882408142,"orthographic":true}